START TRANSACTION;
SET FOREIGN_KEY_CHECKS=0;
CREATE TABLE IF NOT EXISTS "TileMap" (
	"tileid"	INTEGER NOT NULL,
	"tileindex"	INTEGER NOT NULL,
	"roomid"	INTEGER NOT NULL
);
INSERT INTO TileMap VALUES(33,38,2);
INSERT INTO TileMap VALUES(33,39,2);
INSERT INTO TileMap VALUES(33,48,2);
INSERT INTO TileMap VALUES(33,49,2);
INSERT INTO TileMap VALUES(33,50,2);
INSERT INTO TileMap VALUES(33,52,2);
INSERT INTO TileMap VALUES(33,53,2);
INSERT INTO TileMap VALUES(33,54,2);
INSERT INTO TileMap VALUES(33,55,2);
INSERT INTO TileMap VALUES(33,56,2);
INSERT INTO TileMap VALUES(33,62,2);
INSERT INTO TileMap VALUES(33,63,2);
INSERT INTO TileMap VALUES(33,64,2);
INSERT INTO TileMap VALUES(33,65,2);
INSERT INTO TileMap VALUES(33,66,2);
INSERT INTO TileMap VALUES(33,67,2);
INSERT INTO TileMap VALUES(10,68,2);
INSERT INTO TileMap VALUES(33,69,2);
INSERT INTO TileMap VALUES(33,70,2);
INSERT INTO TileMap VALUES(33,71,2);
INSERT INTO TileMap VALUES(33,72,2);
INSERT INTO TileMap VALUES(33,78,2);
INSERT INTO TileMap VALUES(33,79,2);
INSERT INTO TileMap VALUES(22,80,2);
INSERT INTO TileMap VALUES(22,81,2);
INSERT INTO TileMap VALUES(22,82,2);
INSERT INTO TileMap VALUES(22,83,2);
INSERT INTO TileMap VALUES(22,84,2);
INSERT INTO TileMap VALUES(22,85,2);
INSERT INTO TileMap VALUES(33,86,2);
INSERT INTO TileMap VALUES(33,93,2);
INSERT INTO TileMap VALUES(22,94,2);
INSERT INTO TileMap VALUES(22,95,2);
INSERT INTO TileMap VALUES(22,96,2);
INSERT INTO TileMap VALUES(22,97,2);
INSERT INTO TileMap VALUES(22,98,2);
INSERT INTO TileMap VALUES(22,99,2);
INSERT INTO TileMap VALUES(22,100,2);
INSERT INTO TileMap VALUES(22,101,2);
INSERT INTO TileMap VALUES(14,81,1);
INSERT INTO TileMap VALUES(14,82,1);
INSERT INTO TileMap VALUES(14,83,1);
INSERT INTO TileMap VALUES(14,96,1);
INSERT INTO TileMap VALUES(61,97,1);
INSERT INTO TileMap VALUES(14,98,1);
INSERT INTO TileMap VALUES(14,111,1);
INSERT INTO TileMap VALUES(14,112,1);
INSERT INTO TileMap VALUES(14,113,1);
INSERT INTO TileMap VALUES(1,34,3);
INSERT INTO TileMap VALUES(2,35,3);
INSERT INTO TileMap VALUES(1,36,3);
INSERT INTO TileMap VALUES(1,37,3);
INSERT INTO TileMap VALUES(1,38,3);
INSERT INTO TileMap VALUES(2,39,3);
INSERT INTO TileMap VALUES(1,40,3);
INSERT INTO TileMap VALUES(3,41,3);
INSERT INTO TileMap VALUES(12,48,3);
INSERT INTO TileMap VALUES(7,49,3);
INSERT INTO TileMap VALUES(10,50,3);
INSERT INTO TileMap VALUES(7,51,3);
INSERT INTO TileMap VALUES(7,52,3);
INSERT INTO TileMap VALUES(7,53,3);
INSERT INTO TileMap VALUES(10,54,3);
INSERT INTO TileMap VALUES(7,55,3);
INSERT INTO TileMap VALUES(9,56,3);
INSERT INTO TileMap VALUES(12,63,3);
INSERT INTO TileMap VALUES(14,64,3);
INSERT INTO TileMap VALUES(14,65,3);
INSERT INTO TileMap VALUES(14,66,3);
INSERT INTO TileMap VALUES(13,67,3);
INSERT INTO TileMap VALUES(14,68,3);
INSERT INTO TileMap VALUES(14,69,3);
INSERT INTO TileMap VALUES(14,70,3);
INSERT INTO TileMap VALUES(9,71,3);
INSERT INTO TileMap VALUES(12,78,3);
INSERT INTO TileMap VALUES(14,79,3);
INSERT INTO TileMap VALUES(14,80,3);
INSERT INTO TileMap VALUES(14,81,3);
INSERT INTO TileMap VALUES(14,82,3);
INSERT INTO TileMap VALUES(14,83,3);
INSERT INTO TileMap VALUES(14,84,3);
INSERT INTO TileMap VALUES(14,85,3);
INSERT INTO TileMap VALUES(9,86,3);
INSERT INTO TileMap VALUES(12,93,3);
INSERT INTO TileMap VALUES(14,94,3);
INSERT INTO TileMap VALUES(14,95,3);
INSERT INTO TileMap VALUES(14,96,3);
INSERT INTO TileMap VALUES(14,97,3);
INSERT INTO TileMap VALUES(14,98,3);
INSERT INTO TileMap VALUES(14,99,3);
INSERT INTO TileMap VALUES(14,100,3);
INSERT INTO TileMap VALUES(15,101,3);
INSERT INTO TileMap VALUES(12,108,3);
INSERT INTO TileMap VALUES(14,109,3);
INSERT INTO TileMap VALUES(14,110,3);
INSERT INTO TileMap VALUES(14,111,3);
INSERT INTO TileMap VALUES(14,112,3);
INSERT INTO TileMap VALUES(14,113,3);
INSERT INTO TileMap VALUES(14,114,3);
INSERT INTO TileMap VALUES(14,115,3);
INSERT INTO TileMap VALUES(9,116,3);
INSERT INTO TileMap VALUES(12,123,3);
INSERT INTO TileMap VALUES(14,124,3);
INSERT INTO TileMap VALUES(14,125,3);
INSERT INTO TileMap VALUES(14,126,3);
INSERT INTO TileMap VALUES(14,127,3);
INSERT INTO TileMap VALUES(14,128,3);
INSERT INTO TileMap VALUES(14,129,3);
INSERT INTO TileMap VALUES(14,130,3);
INSERT INTO TileMap VALUES(9,131,3);
INSERT INTO TileMap VALUES(18,138,3);
INSERT INTO TileMap VALUES(19,139,3);
INSERT INTO TileMap VALUES(19,140,3);
INSERT INTO TileMap VALUES(19,141,3);
INSERT INTO TileMap VALUES(14,142,3);
INSERT INTO TileMap VALUES(19,143,3);
INSERT INTO TileMap VALUES(19,144,3);
INSERT INTO TileMap VALUES(19,145,3);
INSERT INTO TileMap VALUES(21,146,3);
CREATE TABLE IF NOT EXISTS "TileInfo" (
	"atlas_id"	INTEGER NOT NULL,
	"tile_id"	INTEGER NOT NULL,
	"property"	TEXT NOT NULL
);
INSERT INTO TileInfo VALUES(1,14,'walkable');
INSERT INTO TileInfo VALUES(1,16,'walkable');
INSERT INTO TileInfo VALUES(1,22,'walkable');
INSERT INTO TileInfo VALUES(1,44,'object');
INSERT INTO TileInfo VALUES(1,45,'object');
INSERT INTO TileInfo VALUES(1,46,'object');
INSERT INTO TileInfo VALUES(1,47,'object');
INSERT INTO TileInfo VALUES(1,48,'object');
INSERT INTO TileInfo VALUES(1,49,'object');
INSERT INTO TileInfo VALUES(1,50,'object');
INSERT INTO TileInfo VALUES(1,60,'object');
INSERT INTO TileInfo VALUES(1,61,'object');
INSERT INTO TileInfo VALUES(1,62,'object');
INSERT INTO TileInfo VALUES(1,63,'object');
INSERT INTO TileInfo VALUES(1,64,'object');
INSERT INTO TileInfo VALUES(1,65,'object');
INSERT INTO TileInfo VALUES(1,10,'walkable');
INSERT INTO TileInfo VALUES(1,10,'portal');
INSERT INTO TileInfo VALUES(1,13,'walkable');
INSERT INTO TileInfo VALUES(1,13,'portal');
CREATE TABLE IF NOT EXISTS "TileAtlas" (
	"atlas_id"	INTEGER NOT NULL,
	"size_x"	INTEGER NOT NULL,
	"size_y"	INTEGER NOT NULL,
	"name"	TEXT,
	"copyright"	TEXT,
	"filename"	TEXT NOT NULL,
	"author"	TEXT,
	PRIMARY KEY("atlas_id" AUTOINCREMENT)
);
INSERT INTO TileAtlas VALUES(1,6,11,'Oh My Dungeon',NULL,'ohmydungeon_v1.1.png',NULL);
CREATE TABLE IF NOT EXISTS "Rooms" (
	"id"	INTEGER NOT NULL,
	"description"	TEXT,
	"atlas_id"	INTEGER NOT NULL,
	"spawn_location"	INTEGER,
	"name"	TEXT,
	"size_x"	INTEGER NOT NULL,
	"size_y"	INTEGER NOT NULL,
	PRIMARY KEY("id" AUTOINCREMENT)
);
INSERT INTO Rooms VALUES(1,NULL,1,NULL,'Testraum',15,15);
INSERT INTO Rooms VALUES(2,NULL,1,NULL,'Das Abenteuer beginnt hier',15,15);
INSERT INTO Rooms VALUES(3,NULL,1,NULL,'Eingang zur Unterwelt',15,15);
CREATE TABLE skins (
	skin_id INTEGER PRIMARY KEY AUTOINCREMENT,
	position INTEGER
);
CREATE TABLE ObjectMap(
    objectid int,
    objectindex int,
    roomid int
);
INSERT INTO ObjectMap VALUES(45,83,1);
INSERT INTO ObjectMap VALUES(44,111,1);
INSERT INTO ObjectMap VALUES(48,79,3);
INSERT INTO ObjectMap VALUES(48,79,3);
INSERT INTO ObjectMap VALUES(48,79,3);
INSERT INTO ObjectMap VALUES(48,79,3);
INSERT INTO ObjectMap VALUES(45,130,3);
CREATE TABLE room_connections (
	roomid INTEGER,
	tileid INTEGER,
	targetroomid INTEGER,
	targettileid INTEGER
);
INSERT INTO room_connections VALUES(2,68,3,142);
INSERT INTO room_connections VALUES(3,142,2,68);
CREATE TABLE IF NOT EXISTS "players" (
	"player_id"	INTEGER,
	"name"	VARCHAR(64),
	"room_id"	INTEGER,
	"position"	INTEGER,
	"object_id"	INTEGER,
	"last_seen"	VARCHAR(64),
	PRIMARY KEY("player_id" AUTOINCREMENT)
);
INSERT INTO players VALUES(5,'Berserker',2,98,50,'2025-11-21 12:33:39');
INSERT INTO players VALUES(6,'Dawnrider',2,99,50,'2025-11-21 12:34:00');
INSERT INTO players VALUES(7,'Lückenfüller',2,81,51,'2025-11-21 12:34:40');
CREATE TABLE IF NOT EXISTS "inventory" (
	"playerid"	INTEGER NOT NULL,
	"objectid"	INTEGER NOT NULL
);
SET_FOREIGN_KEY_CHECKS=1;
COMMIT;
